"storm_year","max_residual","mean_sea_level"
1952,41.3786460837328,159.485218888342
1953,54.7293217321775,160.538390410959
1954,42.8941919903727,158.450286784502
1955,37.8816087002507,157.696461187215
1956,46.9277248708245,156.543476775956
1958,43.6618875101832,172.713561643836
1959,50.8569109998546,166.088367579909
1960,123.891476204635,167.424578779599
1963,45.532193772293,165.138390410959
1966,57.9049162441764,159.310262557078
1967,53.4135138678376,159.296061643836
1968,48.41420989089,157.776946721311
1969,59.2169045400357,161.180216894977
1970,52.3421641184,161.877488584475
1971,43.8857790379664,157.503386891689
1972,45.904195057989,154.956750910747
1973,44.4463376644547,157.205656239178
1974,44.6054174764983,156.869063926941
1975,45.9119226417205,158.34087909498
1976,51.1227063436215,154.433942215855
1980,44.2037718075455,153.619615209472
1981,39.3831786710879,157.781164383562
1982,54.9116184652677,152.307123287671
1983,44.4221513073919,157.765673515982
1984,44.3427437752486,155.972950819672
1985,51.7499180241196,152.553105022831
1986,38.6560546007286,156.713647704591
1987,42.8974740458864,160.693547237077
1988,45.5849546206374,162.818089708561
1989,45.9055109471468,154.255285388128
1990,50.5450563470667,153.89200913242
1991,42.887914977204,153.376449771689
1992,43.242968636674,158.653597449909
1993,48.0665930106446,156.150319634703
1994,37.3986878107569,155.593869863014
1995,40.2035442461696,151.104223744292
1996,43.0631478436951,155.938046448087
1997,42.8266964001271,155.406883561644
1998,50.9096378735687,159.109326484018
1999,49.3310764058649,153.250947488584
2000,43.725361566826,148.821493624772
2001,43.1841038179925,151.114863013699
2002,51.1196264324114,147.155194063927
2003,46.3601831411528,153.901232876712
2004,42.9325951359203,151.093237704918
2005,45.4121801823248,152.87095890411
2006,45.1606025862759,148.279326484018
2007,47.3220084132682,147.477998849914
2008,38.443250870058,148.682140266022
2010,39.9694934168139,151.375603525354
2011,81.1845203539802,147.06102739726
2012,43.1616164684271,145.607399817851
2013,49.5574379259023,143.102899543379
2014,39.250236081951,148.21404109589
2015,34.4130915987515,153.903424657534
2016,50.915827481061,156.735120673953
2017,50.8866045379569,152.135947488584
2018,51.5320905345896,147.076563926941
2019,41.4464061137707,151.187043378995
2020,40.3361232345177,151.469672131148
2021,40.1696534013088,149.461084474886
