"storm_year","max_residual","mean_sea_level"
1970,66.1969277866136,170.542579908676
1971,41.0382509565426,175.561643835616
1972,53.6438374407361,173.257689678742
1973,75.2230907249567,173.423420249002
1974,34.263808335182,182.640601503759
1975,24.1457382195324,180.633470695971
1976,30.2568724152012,179.531768746422
1977,80.0131415819903,180.207371684464
1978,60.4305008016531,179.721575342466
1979,23.0160157008271,177.574208405296
1980,48.4991966650881,178.757964703186
1981,31.7930154600347,182.52023988006
1982,25.5832586648525,178.518942018942
1983,37.1666261512399,178.708376421923
1984,50.0800102844528,181.409536846909
1985,27.6697670203236,174.796421607983
1986,58.6141855611338,177.728757423481
1987,23.0321486989083,178.007805325987
1988,48.1471586631932,182.417612659099
1989,24.5302665441109,180.446689497717
1990,19.5564381178191,177.018835616438
1991,44.3235234005224,178.78904109589
1992,40.9212847383105,184.307254299055
1993,29.5714207659052,175.534474885845
1994,29.9464666544881,180.181392694064
1995,74.4265540603849,179.817579908676
1996,57.8121926019857,182.633424408015
1997,59.1058377758854,186.053512088919
1998,51.2279349217325,182.728414801279
1999,36.6490877848198,185.333447488584
2000,19.3113369665747,182.755464480874
2001,32.3190154068416,181.942351598174
2002,58.9692614100959,183.559817351598
2003,30.2318367597346,182.390475102787
2004,48.5431851884978,187.722336065574
2005,49.3574691952823,184.714269406393
2006,45.2187942690361,185.793607305936
2007,57.3604894837144,182.898530762167
2009,35.1153030032698,187.069063926941
2010,35.6258193879762,185.252069047056
2011,62.4009999999519,184.512458376392
2012,24.2251207806556,189.733226654475
2013,60.9591489404529,184.365443949263
2014,65.3109151409223,174.553384508025
2015,38.9527811697932,184.902113078241
2016,60.733786907276,188.179758652095
2017,43.7099147296794,189.816324200913
2018,23.4632472391799,185.289840182648
2019,34.8815226654628,190.054825813821
2020,41.3163542547997,186.146857923497
2021,22.9330921249595,190.27100456621
2022,55.306103589724,188.052757793765
2023,43.5606105322389,186.222691956124
