"storm_year","max_residual","mean_sea_level"
1972,107.397735384534,-1.68504843304843
1973,111.085230080353,10.3982424890156
1974,83.6738095691377,-2.5505082809823
1975,117.024670907414,10.3998281393217
1976,112.066562302102,5.04577955454026
1977,84.9346523135621,-11.6318721461187
1978,83.9541727263759,-7.26170091324201
1979,129.132336492582,-2.17098173515982
1980,110.558983877465,-5.27846083788707
1981,87.7582078537362,2.82932648401826
1982,86.6861425341951,3.40103881278539
1983,157.383146853328,11.806198630137
1984,141.726167951867,7.07104963570128
1985,88.5796254650387,-9.47841561423651
1986,90.6446512058286,-0.100319634703196
1987,105.59766147258,1.53949771689498
1988,102.891077164918,2.23318533697632
1989,89.2792283240216,19.7939497716895
1990,101.692811742957,18.1881735159817
1991,92.9087960167812,-1.28705479452055
1992,109.144252762576,11.08970856102
1993,128.664034154823,7.14577625570776
1994,83.3086444480577,-2.98060502283105
1995,105.429095098878,13.0543721461187
1996,96.6782110381407,-14.6680783242259
1997,115.835237854231,0.22865296803653
1998,107.011517248193,-3.42407534246575
1999,148.79768483985,5.42267123287671
2000,122.289227130393,10.7333447176685
2001,69.6068600610225,-6.28574200913242
2002,113.125211580623,9.9075799086758
2003,78.4241709449298,-13.370296803653
2004,113.286394822084,-0.164993169398907
2005,88.6148359331179,9.52541095890411
2006,82.6329506703512,-0.426301369863013
2007,111.563035683361,11.3964726027397
2008,88.8183771778692,10.8103028233151
2009,113.527187027676,-0.307808219178082
2010,103.215770999146,-6.45889269406393
2011,84.2316885286632,-4.56162100456621
2012,122.626673245206,11.0780737704918
2013,98.1128706120266,-5.58559360730594
2014,105.723258918299,0.286849315068493
2015,94.0226014263823,7.37974885844749
2016,133.048416027253,3.43934426229508
2017,89.5461349012837,2.46825342465753
2018,69.9809545998605,-0.288789954337899
2019,117.01198897886,2.49158675799087
2020,101.939706467487,12.8919512750455
2021,107.174858213849,0.787294520547945
2022,96.1273455698326,5.45875570776256
2023,102.620097445345,0.317151826484018
2024,100.934256907665,2.31282673041894
2025,89.1682179659553,7.77971733201091
